{"learning_rate": 0.18236672959420272, "max_depth": 11.0, "min_child_weight": 1.2534175878035614, "reg_alpha": 0.02376073607996226, "reg_lambda": 0.3476822703285598}